"actor_id","actor_name","type","gender"
1,"Kate McKinnon","cast","female"
2,"Alex Moffat","cast","male"
3,"Ego Nwodim","cast","unknown"
4,"Chris Redd","cast","male"
5,"Kenan Thompson","cast","male"
6,"Carey Mulligan","guest","andy"
7,"Marcus Mumford","guest","male"
8,"Aidy Bryant","cast","female"
9,"Steve Higgins","crew","male"
10,"Mikey Day","cast","male"
11,"Heidi Gardner","cast","female"
12,"Lauren Holt","cast","female"
13,"Kid Cudi","guest","unknown"
14,"Timothee Chalamet","guest","unknown"
15,"Pete Davidson","cast","male"
16,"Chloe Fineman","cast","female"
17,"Darrell Hammond","cast","male"
18,"Colin Jost","cast","male"
19,"Michael Che","cast","male"
20,"Beck Bennett","cast","male"
21,"Punkie Johnson","cast","unknown"
22,"Bowen Yang","cast","male"
23,"Andrew Dismukes","cast","male"
24,"Kyle Mooney","cast","male"
25,"Cecily Strong","cast","female"
26,"Daniel Kaluuya","guest","male"
27,"St. Vincent","guest","unknown"
28,"Maya Rudolph","cast","female"
29,"Melissa Villasenor","cast","female"
30,"Martin Short","cast","male"
31,"Jack Harlow","guest","male"
32,"Adam Levine","guest","male"
33,"Rachel Dratch","cast","female"
34,"Tina Fey","cast","female"
35,"Nick Jonas","guest","male"
36,"Kevin Jonas","guest","male"
37,"Rege-Jean Page","guest","unknown"
38,"Bad Bunny","guest","unknown"
39,"Rosalia","guest","female"
40,"Regina King","guest","female"
41,"Nathaniel Rateliff","guest","male"
42,"The Night Sweats","guest","female"
43,"Dan Levy","guest","male"
44,"Eugene Levy","guest","male"
45,"Phoebe Bridgers","guest","female"
46,"John Krasinski","guest","male"
47,"Machine Gun Kelly","guest","unknown"
48,"Kristen Wiig","cast","female"
49,"Dua Lipa","guest","unknown"
50,"Nicole Flender","guest","female"
51,"Jimmy Fallon","cast","male"
52,"Bruce Springsteen & The E Street Band","guest","male"
53,"Questlove","guest","unknown"
54,"Jason Bateman","guest","male"
55,"Eminem","guest","unknown"
56,"Morgan Wallen","guest","male"
57,"Alec Baldwin","guest","male"
58,"Jim Carrey","guest","male"
59,"Dave Chappelle","guest","male"
60,"Foo Fighters","guest","unknown"
61,"John Mulaney","crew","male"
62,"The Strokes","guest","female"
63,"Adele","guest","female"
64,"H.E.R.","guest","unknown"
65,"Issa Rae","guest","male"
66,"Justin Bieber","guest","male"
67,"Chance the Rapper","guest","male"
68,"Benny Blanco","guest","male"
69,"Bill Burr","guest","male"
70,"Jason Momoa","guest","male"
71,"Jack White","guest","male"
72,"Harry Styles","guest","male"
73,"Chris Rock","cast","male"
74,"Megan Thee Stallion","guest","female"
75,"Young Thug","guest","female"
76,"Gary Richardson","crew","male"
77,"Amy Davidson","guest","female"
78,"Josh Gad","guest","male"
79,"Bryan Tucker","crew","male"
80,"Danny Trejo","guest","male"
81,"Babyface","guest","unknown"
82,"Boyz II Men","guest","unknown"
83,"Brad Pitt","guest","male"
84,"Charles Barkley","guest","male"
85,"DJ Khaled","guest","unknown"
86,"Fred Armisen","cast","male"
87,"Jason Sudeikis","cast","male"
88,"Adam Sandler","cast","male"
89,"Casey Davidson","guest","andy"
90,"Jackie Sandler","guest","andy"
91,"Rob Schneider","cast","male"
92,"Sadie Sandler","guest","female"
93,"Sunny Sandler","guest","male"
94,"Miley Cyrus","guest","unknown"
95,"Paul Rudd","guest","male"
96,"Tom Hanks","guest","male"
97,"Larry David","crew","male"
98,"Chris Martin","guest","male"
99,"Amy Poehler","cast","female"
100,"Ana Gasteyer","cast","female"
101,"Bill Hader","cast","male"
102,"Emily Spivey","crew","female"
103,"Molly Shannon","cast","female"
104,"Paula Pell","crew","female"
105,"Hal Willner","crew","male"
106,"Elizabeth Warren","guest","female"
107,"Daniel Craig","guest","male"
108,"The Weeknd","guest","male"
109,"Justin Theroux","guest","male"
110,"Lorne Michaels","crew","male"
111,"David Byrne","guest","male"
112,"Jake Gyllenhaal","guest","male"
113,"RuPaul","guest","female"
114,"Quavo","guest","unknown"
115,"J.J. Watt","guest","unknown"
116,"Luke Combs","guest","male"
117,"Adam Driver","guest","male"
118,"Jon Lovitz","cast","male"
119,"Halsey","guest","unknown"
120,"Eddie Murphy","cast","male"
121,"Tracy Morgan","cast","male"
122,"Lizzo","guest","unknown"
123,"Usher","guest","unknown"
124,"Scarlett Johansson","guest","female"
125,"Niall Horan","guest","male"
126,"James Corden","guest","male"
127,"Jennifer Lopez","guest","female"
128,"The Rockettes","guest","female"
129,"Alex Rodriguez","guest","male"
130,"DaBaby","guest","unknown"
131,"Jabbawockeez","guest","unknown"
132,"Will Ferrell","cast","male"
133,"Ryan Reynolds","guest","male"
134,"Woody Harrelson","guest","male"
135,"King Princess","guest","male"
136,"Jon Hamm","guest","male"
137,"Bill Corsair","crew","male"
138,"Kristen Stewart","guest","female"
139,"Coldplay","guest","unknown"
140,"Billy Porter","guest","male"
141,"Lin-Manuel Miranda","guest","male"
142,"David Harbour","guest","male"
143,"Camila Cabello","guest","female"
144,"Matthew Broderick","guest","male"
145,"Phoebe Waller-Bridge","guest","female"
146,"Taylor Swift","guest","female"
147,"Lenny Pickett","crew","male"
148,"Liev Schreiber","guest","unknown"
149,"Billie Eilish","guest","female"
150,"Finneas","guest","unknown"
151,"Robert DeNiro","guest","male"
152,"Jacob Anderson","guest","male"
153,"Jane Fonda","guest","female"
154,"Lily Tomlin","guest","female"
155,"Big Sean","guest","unknown"
156,"J Balvin","guest","unknown"
157,"Jeremih","guest","unknown"
158,"Lil Baby","guest","female"
159,"Lil Wayne","guest","male"
160,"Meek Mill","guest","unknown"
161,"Leslie Jones","cast","female"
162,"John Legend","guest","male"
163,"Sza","guest","unknown"
164,"Emma Thompson","guest","female"
165,"Jonas Brothers","guest","male"
166,"Shawn Mendes","guest","male"
167,"Allen Covert","guest","male"
168,"Michael Keaton","guest","male"
169,"Emma Stone","guest","female"
170,"Gena Rositano","crew","female"
171,"BTS","guest","unknown"
172,"Pablo Thomas","guest","male"
173,"Ty Mitchell","guest","male"
174,"Kit Harington","guest","male"
175,"Emilia Clarke","guest","female"
176,"John Bradley","guest","male"
177,"Rose Leslie","guest","female"
178,"Ice-T","guest","unknown"
179,"Mariska Hargitay","guest","female"
180,"Sara Bareilles","guest","female"
181,"Sandra Oh","guest","female"
182,"Tame Impala","guest","unknown"
183,"Idris Elba","guest","male"
184,"Khalid","guest","male"
185,"Gwyneth Paltrow","guest","female"
186,"Ben Stiller","cast","male"
187,"Thomas Rhett","guest","male"
188,"Don Cheadle","guest","male"
189,"Gary Clark Jr.","guest","male"
190,"Steve Martin","guest","male"
191,"James McAvoy","guest","male"
192,"Fabolous","guest","unknown"
193,"Rachel Brosnahan","guest","female"
194,"Greta Van Fleet","guest","female"
195,"Matt Damon","guest","male"
196,"Mark Ronson","guest","male"
197,"Sean Lennon","guest","male"
198,"Mumford & Sons","guest","unknown"
199,"Claire Foy","guest","female"
200,"Anderson .Paak","guest","male"
201,"Kendrick Lamar","guest","male"
202,"Steve Carell","guest","male"
203,"Annie Carell","guest","female"
204,"Ed Helms","guest","male"
205,"Ellie Kemper","guest","female"
206,"Jenna Fischer","guest","female"
207,"Johnny Carell","guest","male"
208,"Nancy Walls","cast","female"
209,"Ella Mai","guest","female"
210,"Future","guest","unknown"
211,"Dan Crenshaw","guest","male"
212,"Swizz Beatz","guest","unknown"
213,"Jonah Hill","guest","male"
214,"Candice Bergen","guest","female"
215,"Drew Barrymore","guest","female"
216,"Maggie Rogers","guest","female"
217,"Seth Meyers","cast","male"
218,"Paul Simon","guest","male"
219,"yMusic","guest","unknown"
220,"Al Gore","guest","male"
221,"Awkwafina","guest","unknown"
222,"Travis Scott","guest","male"
223,"John Mayer","guest","male"
224,"Kevin Parker","guest","male"
225,"Wendy Williams","guest","female"
226,"Kanye West","guest","male"
227,"Lil Pump","guest","female"
228,"Adele Givens","guest","female"
229,"Teyana Taylor","guest","unknown"
230,"070 Shake","guest","unknown"
231,"Anne Hathaway","guest","female"
232,"Benedict Cumberbatch","guest","male"
233,"Donald Glover","guest","male"
234,"Jerry Seinfeld","guest","male"
235,"Casey Nicholaw","guest","andy"
236,"Jeff Richmond","crew","male"
237,"Nicki Minaj","guest","female"
238,"Luke Null","cast","male"
239,"John Goodman","guest","male"
240,"Playboi Carti","guest","unknown"
241,"Cindy Null","guest","female"
242,"Elizabeth Thompson","guest","female"
243,"Georganne Bryant","guest","unknown"
244,"Kerry Kelly","guest","female"
245,"Linda Mooney","guest","female"
246,"Lupe Villasenor","guest","female"
247,"Margaret Redd","guest","female"
248,"Sarah Bennett","guest","female"
249,"Sylvia Day","guest","female"
250,"Amy Schumer","guest","female"
251,"Kacey Musgraves","guest","female"
252,"Melissa McCarthy","guest","female"
253,"Stormy Daniels","guest","female"
254,"Stacey Foster","crew","female"
255,"A$AP Rocky","guest","unknown"
256,"Childish Gambino","guest","unknown"
257,"Zoe Kravitz","guest","female"
258,"Nasim Pedrad","cast","female"
259,"Chadwick Boseman","guest","male"
260,"Cardi B","guest","unknown"
261,"Sudi Green","crew","unknown"
262,"Donna Richards","crew","female"
263,"Arcade Fire","guest","male"
264,"Sterling K. Brown","guest","male"
265,"James Bay","guest","male"
266,"Vanessa Bayer","cast","female"
267,"Migos","guest","unknown"
268,"Hilary Knight","guest","female"
269,"Natalie Portman","guest","female"
270,"Andy Samberg","cast","male"
271,"Chris Stapleton","guest","male"
272,"Sturgill Simpson","guest","unknown"
273,"Jessica Chastain","guest","female"
274,"Method Man","guest","unknown"
275,"Akira Yoshimura","crew","male"
276,"Troye Sivan","guest","unknown"
277,"Bill Murray","cast","male"
278,"Sam Rockwell","guest","male"
279,"Stanley Tucci","guest","male"
280,"G-Eazy","guest","unknown"
281,"Kevin Hart","guest","male"
282,"James Franco","guest","male"
283,"Seth Rogen","guest","male"
284,"Dave Franco","guest","male"
285,"Saoirse Ronan","guest","female"
286,"Greta Gerwig","guest","female"
287,"U2","guest","unknown"
288,"John McEnroe","guest","male"
289,"Skylar Grey","guest","andy"
290,"Common","guest","unknown"
291,"Tiffany Haddish","guest","female"
292,"Liam Hemsworth","guest","male"
293,"George Springer","guest","male"
294,"Alex Bregman","guest","male"
295,"Jose Altuve","guest","male"
296,"Kumail Nanjiani","guest","unknown"
297,"Pink","guest","unknown"
298,"Jason Aldean","guest","male"
299,"Gal Gadot","guest","male"
300,"Sam Smith","guest","male"
301,"Ryan Gosling","guest","male"
302,"Jay-Z","guest","unknown"
303,"Damian Marley","guest","male"
304,"Dwayne Johnson","guest","male"
305,"Sasheer Zamata","cast","female"
306,"Bobby Moynihan","cast","male"
307,"Katy Perry","guest","female"
308,"HAIM","guest","unknown"
309,"Blake Lively","guest","female"
310,"Ken Aymong","crew","male"
311,"Chris Pine","guest","male"
312,"LCD Soundsystem","guest","unknown"
313,"Nile Rodgers","guest","male"
314,"Louis C.K.","guest","male"
315,"The Chainsmokers","guest","female"
316,"Emily Warren","guest","female"
317,"Lorde","guest","female"
318,"Jack Antonoff","guest","male"
319,"Octavia Spencer","guest","female"
320,"Father John Misty","guest","unknown"
321,"Ed Sheeran","guest","male"
322,"Alessia Cara","guest","female"
323,"Aziz Ansari","guest","male"
324,"Felicity Jones","guest","female"
325,"Casey Affleck","guest","andy"
326,"Darryl McDaniels","guest","male"
327,"Danielle Flora","crew","female"
328,"Noname","guest","unknown"
329,"Bryan Cranston","guest","male"
330,"John Cena","guest","male"
331,"Maren Morris","guest","female"
332,"Jennifer Aniston","guest","female"
333,"Will Forte","cast","male"
334,"The xx","guest","female"
335,"Donnell Rawlings","guest","male"
336,"A Tribe Called Quest","guest","unknown"
337,"Busta Rhymes","guest","unknown"
338,"Consequence","guest","unknown"
339,"Anthony Rizzo","guest","male"
340,"David Ross","guest","male"
341,"Dexter Fowler","guest","male"
342,"Solange","guest","female"
343,"Dana Carvey","cast","male"
344,"Sampha","guest","unknown"
345,"Lady Gaga","guest","unknown"
346,"Emily Blunt","guest","female"
347,"Bruno Mars","guest","male"
348,"Twenty One Pilots","guest","unknown"
349,"Margot Robbie","guest","female"
350,"Taran Killam","cast","male"
351,"Jay Pharoah","cast","male"
352,"Jon Rudnitsky","cast","male"
353,"Courtney Barnett","guest","female"
354,"Carrie Brownstein","guest","female"
355,"Drake","guest","male"
356,"Phil Hartman","cast","male"
357,"Brie Larson","guest","female"
358,"Heather Desaulniers","guest","female"
359,"Laura Campbell","guest","female"
360,"Alicia Keys","guest","female"
361,"Julia Louis-Dreyfus","cast","female"
362,"Tony Hale","guest","male"
363,"Tove Lo","guest","female"
364,"Russell Crowe","guest","male"
365,"Al Sharpton","guest","male"
366,"Margo Price","guest","female"
367,"Mike O'Brien","cast","male"
368,"Peter Dinklage","guest","male"
369,"Gwen Stefani","guest","female"
370,"Ariana Grande","guest","female"
371,"El DeBarge","guest","female"
372,"Kelly Price","guest","female"
373,"Kirk Franklin","guest","male"
374,"The-Dream","guest","unknown"
375,"Von Miller","guest","unknown"
376,"Al Roker","guest","male"
377,"Dylan Dreyer","guest","male"
378,"Natalie Morales","guest","female"
379,"Bernie Sanders","guest","male"
380,"The 1975","guest","female"
381,"Owen Wilson","guest","male"
382,"Ronda Rousey","guest","female"
383,"Selena Gomez","guest","female"
384,"Wally Feresten","crew","male"
385,"Gayle King","guest","female"
386,"Paul McCartney","guest","male"
387,"Chris Hemsworth","guest","male"
388,"Mike Myers","cast","male"
389,"Leon Bridges","guest","male"
390,"Matthew McConaughey","guest","male"
391,"Daisy Ridley","guest","female"
392,"J.J. Abrams","guest","unknown"
393,"John Boyega","guest","male"
394,"Michael Buble","guest","male"
395,"Elizabeth Banks","guest","female"
396,"Don Roy King","unknown","male"
397,"Disclosure","guest","unknown"
398,"Donald Trump","guest","male"
399,"Ivanka Trump","guest","female"
400,"Sia","guest","female"
401,"Jack McBrayer","guest","male"
402,"Jane Krakowski","guest","female"
403,"Demi Lovato","guest","female"
404,"Hillary Clinton","guest","female"
405,"The Flaming Lips","guest","female"
406,"Rihanna","guest","female"
407,"Reese Witherspoon","guest","female"
408,"Betty Witherspoon","guest","female"
409,"Carolyn Bayer","guest","female"
410,"Ivory Steward","guest","male"
411,"Julie Moynihan","guest","female"
412,"Penny Strong","guest","female"
413,"Ramona Farrow","guest","female"
414,"Florence + The Machine","guest","female"
415,"Wiz Khalifa","guest","unknown"
416,"Charlie Puth","guest","male"
417,"Taraji P. Henson","guest","female"
418,"Nikolaj Coster-Waldau","guest","male"
419,"Billy Crystal","cast","male"
420,"Jim Henson's Muppets","guest","male"
421,"Carly Rae Jepsen","guest","female"
422,"Norman Reedus","guest","male"
423,"George Ezra","guest","male"
424,"Luke Hemsworth","guest","male"
425,"Zac Brown Band","guest","unknown"
426,"Chris Cornell","guest","male"
427,"Dakota Johnson","guest","female"
428,"Don Johnson","guest","male"
429,"Melanie Griffith","guest","female"
430,"Alabama Shakes","guest","unknown"
431,"J.K. Simmons","guest","unknown"
432,"D'Angelo","guest","unknown"
433,"Blake Shelton","guest","male"
434,"Kent Sublette","crew","male"
435,"Amy Adams","guest","female"
436,"Liam Payne","unknown","male"
437,"Louis Tomlinson","unknown","male"
438,"Zayn Malik","unknown","male"
439,"One Direction","guest","female"
440,"Martin Freeman","guest","male"
441,"Charli XCX","guest","unknown"
442,"Cameron Diaz","guest","female"
443,"Mystikal","guest","unknown"
444,"Jennifer Lawrence","guest","female"
445,"Josh Hutcherson","guest","male"
446,"Uzo Aduba","guest","female"
447,"Chantal Kreviazuk","guest","female"
448,"Jay Rock","guest","male"
449,"Prince","guest","male"
450,"3RDEYEGIRL","guest","unknown"
451,"Jeff Daniels","guest","male"
452,"Iggy Azalea","guest","unknown"
453,"Rita Ora","guest","female"
454,"MO","guest","unknown"
455,"Harvey Fierstein","guest","male"
456,"Hozier","guest","male"
457,"Sarah Silverman","cast","female"
458,"Maroon 5","guest","male"
459,"Chris Pratt","guest","male"
460,"Anna Faris","guest","female"
461,"Lil Jon","guest","male"
462,"John Milhiser","cast","male"
463,"Noel Wells","cast","female"
464,"Brooks Wheelan","cast","male"
465,"Don Pardo","crew","male"
466,"Pharrell Williams","guest","unknown"
467,"Tatiana Maslany","guest","female"
468,"Akiva Schaffer","crew","male"
469,"Jorma Taccone","crew","male"
470,"2 Chainz","guest","unknown"
471,"Charlize Theron","guest","female"
472,"The Black Keys","guest","female"
473,"Barbara Walters","guest","female"
474,"Andrew Garfield","guest","male"
475,"Kiefer Sutherland","guest","male"
476,"Mary Lynn Rajskub","guest","female"
477,"Zooey Deschanel","guest","unknown"
478,"Anna Kendrick","guest","female"
479,"Icona Pop","guest","unknown"
480,"Hans Zimmer","guest","male"
481,"Liam Neeson","guest","male"
482,"Lena Dunham","guest","female"
483,"The National","guest","female"
484,"Jim Parsons","guest","male"
485,"Beck","guest","male"
486,"James Anderson","crew","male"
487,"Imagine Dragons","guest","unknown"
488,"Leonardo DiCaprio","guest","male"
489,"Bastille","guest","unknown"
490,"Michael Cera","guest","male"
491,"Jhene Aiko","guest","unknown"
492,"Justin Timberlake","guest","male"
493,"Barry Gibb","guest","male"
494,"Madonna","guest","female"
495,"Michael Bloomberg","guest","male"
496,"Caleb Followill","unknown","male"
497,"Jared Followill","unknown","male"
498,"Matthew Followill","unknown","male"
499,"Nathan Followill","unknown","male"
500,"Sylvester Stallone","guest","male"
501,"Kings of Leon","guest","unknown"
502,"Wale","guest","unknown"
503,"David Koechner","cast","male"
504,"R. Kelly","guest","unknown"
505,"Kerry Washington","guest","female"
506,"Rick Rubin","guest","male"
507,"Edward Norton","guest","male"
508,"Janelle Monae","guest","female"
509,"Bruce Willis","guest","male"
510,"Aaron Paul","guest","male"
511,"Regine Chassagne","unknown","female"
512,"William Butler","unknown","male"
513,"Win Butler","unknown","andy"
514,"Ben Affleck","guest","male"
515,"Jennifer Garner","guest","female"
516,"Anderson Cooper","guest","male"
517,"Tim Robinson","cast","male"
518,"Aimee Mann","guest","female"
519,"J. Mascis","guest","unknown"
520,"Kim Gordon","guest","female"
521,"Michael Penn","guest","male"
522,"Steve Jones","guest","male"
523,"Jim Downey","cast","male"
524,"John Solomon","crew","male"
525,"Vampire Weekend","guest","unknown"
526,"Zach Galifianakis","guest","male"
527,"Bradley Cooper","guest","male"
528,"Of Monsters And Men","guest","unknown"
529,"Vince Vaughn","guest","male"
530,"Miguel","guest","male"
531,"Dennis Rodman","guest","male"
532,"Phoenix","guest","andy"
533,"Chevy Chase","cast","male"
534,"Dan Aykroyd","cast","male"
535,"Adam Epstein","unknown","male"
536,"Macklemore","guest","unknown"
537,"Ryan Lewis","guest","male"
538,"Wanz","guest","unknown"
539,"Ray Dalton","guest","male"
540,"Christoph Waltz","guest","male"
541,"Whoopi Goldberg","guest","female"
542,"Danny McBride","guest","male"
543,"Mickey Madden","guest","male"
544,"The Lumineers","guest","female"
545,"The New York City Children's Chorus","guest","female"
546,"Paul Shaffer","cast","male"
547,"Samuel L. Jackson","guest","male"
548,"Joe Walsh","guest","male"
549,"Dave Grohl","guest","male"
550,"Krist Novoselic","guest","male"
551,"Pat Smear","guest","andy"
552,"Jamie Foxx","guest","male"
553,"Ne-Yo","guest","unknown"
554,"Dermot Mulroney","guest","male"
555,"Charlie Day","guest","male"
556,"Jeremy Renner","guest","male"
557,"Chris Christie","guest","male"
558,"Fun.","guest","unknown"
559,"Usain Bolt","guest","unknown"
560,"Christina Applegate","guest","female"
561,"Passion Pit","guest","unknown"
562,"Chris Parnell","cast","male"
563,"Muse","guest","unknown"
564,"Big Bird","unknown","unknown"
565,"Joseph Gordon-Levitt","guest","male"
566,"Seth MacFarlane","guest","male"
567,"Psy","guest","unknown"
568,"Frank Ocean","guest","male"
569,"Abby Elliott","cast","female"
570,"Mick Jagger","guest","male"
571,"Nikolai Fraiture","guest","male"
572,"Jeff Beck","guest","male"
573,"Chris Kattan","cast","male"
574,"Kay Ferrell","guest","male"
575,"Julian Casablancas","guest","male"
576,"Michael Bolton","guest","male"
577,"Eli Manning","guest","male"
578,"Abby McGrew","guest","female"
579,"Chris Snee","guest","male"
580,"David Baas","guest","male"
581,"David Diehl","guest","male"
582,"Shaun O'Hara","guest","male"
583,"Sacha Baron Cohen","guest","male"
584,"Martin Scorsese","guest","male"
585,"Josh Brolin","guest","male"
586,"Steven Spielberg","guest","male"
587,"Gotye","guest","unknown"
588,"Kimbra","guest","female"
589,"Sofia Vergara","guest","female"
590,"Manolo Gonzalez","guest","male"
591,"The Shins","guest","female"
592,"Lindsay Lohan","guest","female"
593,"Ruby Amanfu","guest","female"
594,"Phil Hyms","crew","male"
595,"Sleigh Bells","guest","unknown"
596,"Bill O'Reilly","guest","male"
597,"Kate Upton","guest","female"
598,"Jean Dujardin","guest","male"
599,"Karmin","guest","unknown"
600,"Nicolas Cage","guest","male"
601,"Channing Tatum","guest","male"
602,"Bon Iver","guest","andy"
603,"Daniel Radcliffe","guest","male"
604,"Paul Brittain","cast","male"
605,"Lana Del Rey","guest","female"
606,"Kelly Clarkson","guest","female"
607,"Horatio Sanz","cast","male"
608,"Jude Law","guest","male"
609,"Val Kilmer","guest","female"
610,"Robyn","guest","female"
611,"Steve Buscemi","guest","male"
612,"Jason Segel","guest","male"
613,"Jon Huntsman","guest","male"
614,"Kermit The Frog","unknown","male"
615,"Florence Welch","unknown","female"
616,"Olivia Wilde","guest","female"
617,"Alan Wong","crew","male"
618,"Shelly Gossman","crew","female"
619,"Danny DeVito","guest","male"
620,"Travie McCoy","guest","unknown"
621,"Hugh Jackman","guest","male"
622,"Foster The People","guest","male"
623,"Kenny G","guest","male"
624,"Lady Antebellum","guest","unknown"
625,"Radiohead","guest","unknown"
626,"Patricia Clarkson","guest","female"
627,"Susan Sarandon","guest","female"
628,"Chris Colfer","guest","male"
629,"Lindsey Buckingham","guest","male"
630,"Stephen Colbert","crew","male"
631,"Robert Smigel","cast","male"
632,"Robin Wright","guest","female"
633,"Ellie Goulding","guest","female"
634,"Helen Mirren","guest","female"
635,"Elton John","guest","male"
636,"Carmelo Anthony","guest","male"
637,"Leon Russell","guest","male"
638,"Jessie J","guest","female"
639,"B.o.B","guest","unknown"
640,"Russell Brand","guest","male"
641,"Chris Brown","guest","male"
642,"Linkin Park","guest","unknown"
643,"Jesse Eisenberg","guest","male"
644,"Dex Carvey","guest","unknown"
645,"Tom Carvey","guest","male"
646,"Mark Zuckerberg","guest","male"
647,"John Waters","guest","male"
648,"Cee Lo Green","guest","unknown"
649,"Pee-Wee Herman","guest","male"
650,"Jeff Bridges","guest","male"
651,"Cookie Monster","unknown","unknown"
652,"Akon","guest","unknown"
653,"Jessica Alba","guest","female"
654,"Mario Batali","guest","male"
655,"Rob Klein","crew","male"
656,"Robin Williams","guest","male"
657,"Diddy-Dirty Money","guest","unknown"
658,"Sean Combs","unknown","male"
659,"David Spade","unknown","male"
660,"Jane Lynch","guest","female"
661,"Ernest Borgnine","guest","male"
662,"Morgan Freeman","guest","male"
663,"Pusha T","guest","unknown"
664,"David Paterson","guest","male"
665,"Peter Sarsgaard","guest","male"
666,"Tom Petty","unknown","male"
667,"Jessi Klein","crew","female"
668,"John Lutz","crew","male"
669,"Jenny Slate","cast","female"
670,"Tom Petty & The Heartbreakers","guest","male"
671,"Betty White","guest","female"
672,"Bridget Kelly","guest","female"
673,"Mr Hudson","guest","unknown"
674,"Gabourey Sidibe","guest","unknown"
675,"MGMT","guest","unknown"
676,"Ryan Phillippe","guest","male"
677,"Ke$ha","guest","unknown"
678,"Mark Sanchez","guest","male"
679,"Pearl Jam","guest","female"
680,"Anthony Anderson","guest","male"
681,"Brian Williams","guest","male"
682,"Dr. Mehmet Oz","guest","unknown"
683,"Jeremy Sisto","guest","male"
684,"Frank Rich","guest","male"
685,"Ashton Kutcher","guest","male"
686,"Them Crooked Vultures","guest","unknown"
687,"Sharon Jones","guest","female"
688,"Sigourney Weaver","guest","female"
689,"James Cameron","guest","male"
690,"The Ting Tings","guest","female"
691,"Hannibal Buress","crew","male"
692,"Mike Tyson","guest","male"
693,"Taylor Lautner","guest","male"
694,"Bon Jovi","guest","andy"
695,"Young Jeezy","guest","female"
696,"Dave Matthews","unknown","male"
697,"Mindy Kaling","guest","female"
698,"Dave Matthews Band","guest","male"
699,"January Jones","guest","female"
700,"Black Eyed Peas","guest","unknown"
701,"Gerard Butler","guest","male"
702,"Shakira","guest","female"
703,"Justin Long","guest","male"
704,"Regina Spektor","guest","female"
705,"Elijah Wood","guest","male"
706,"Megan Fox","guest","female"
707,"Brian Austin Green","guest","male"
708,"Michaela Watkins","cast","female"
709,"Casey Wilson","cast","female"
710,"Norm MacDonald","cast","male"
711,"Green Day","guest","unknown"
712,"Artie Lange","guest","male"
713,"Elisabeth Moss","guest","female"
714,"Ciara","guest","female"
715,"Zachary Quinto","guest","male"
716,"Leonard Nimoy","guest","male"
717,"Zac Efron","guest","unknown"
718,"Yeah Yeah Yeahs","guest","unknown"
719,"Simon Rich","crew","male"
720,"Stuart Margolin","guest","male"
721,"Richard Dean Anderson","guest","male"
722,"Ray LaMontagne","guest","male"
723,"Jessica Biel","guest","female"
724,"James Lipton","guest","male"
725,"T-Pain","guest","unknown"
726,"TV on the Radio","guest","unknown"
727,"Liz Cackowski","crew","female"
728,"Jason Mraz","guest","male"
729,"Britney Haas","guest","female"
730,"Craig Eastman","guest","male"
731,"Michael Daves","guest","male"
732,"Skip Ward","guest","male"
733,"Colbie Caillat","guest","unknown"
734,"Rosario Dawson","guest","female"
735,"Fleet Foxes","guest","unknown"
736,"Neil Patrick Harris","guest","male"
737,"Liza Minnelli","guest","female"
738,"Hugh Laurie","guest","male"
739,"John Malkovich","guest","male"
740,"T.I.","guest","unknown"
741,"Jamie-Lynn Sigler","guest","unknown"
742,"Molly Sims","guest","female"
743,"Tim McGraw","guest","male"
744,"Ludacris","guest","unknown"
745,"Beyonce","guest","unknown"
746,"Cindy McCain","guest","female"
747,"Sen. John McCain","guest","unknown"
748,"David Cook","guest","male"
749,"John Slattery","guest","male"
750,"Mark Wahlberg","guest","male"
751,"Sarah Palin","guest","female"
752,"Oliver Stone","guest","male"
753,"Queen Latifah","guest","female"
754,"The Killers","guest","female"
755,"Duffy","guest","male"
756,"Michael Phelps","guest","male"
757,"Debbie Phelps","guest","female"
758,"William Shatner","guest","male"
759,"Jared Fogel","guest","male"
760,"Marika Sawyer","crew","female"
761,"Ricky Gervais","guest","male"
762,"Shia LaBeouf","guest","male"
763,"My Morning Jacket","guest","female"
764,"Doug Abeles","crew","male"
765,"Alex Baze","crew","male"
766,"Demi Moore","guest","female"
767,"Gnarls Barkley","guest","unknown"
768,"Christopher Walken","guest","male"
769,"Christopher Dodd","guest","male"
770,"Panic At The Disco","guest","unknown"
771,"Mariah Carey","guest","female"
772,"Vincent D'Onofrio","guest","male"
773,"Ellen Page","guest","female"
774,"Wilco","guest","male"
775,"Rudy Giuliani","guest","male"
776,"Amber Lee Ettinger","guest","female"
777,"Carrie Underwood","guest","female"
778,"Mike Huckabee","guest","male"
779,"Barack Obama","guest","male"
780,"Bono","guest","male"
781,"Matt Lauer","guest","male"
782,"Feist","guest","unknown"
783,"Steve Turre","crew","male"
784,"Jon Bon Jovi","guest","male"
785,"Richie Sambora","unknown","male"
786,"Marci Klein","crew","female"
787,"Taylor Hawkins","unknown","male"
788,"Jack Nicholson","guest","male"
789,"Spoon","guest","unknown"
790,"LeBron James","guest","unknown"
791,"Zach Braff","guest","male"
792,"Sen. Charles Schumer","guest","unknown"
793,"Bjork","guest","unknown"
794,"Avril Lavigne","guest","female"
795,"Peyton Manning","guest","andy"
796,"Archie Manning","guest","male"
797,"Olivia Manning","guest","female"
798,"Snow Patrol","guest","unknown"
799,"Rainn Wilson","guest","male"
800,"Rashida Jones","guest","female"
801,"Michael Shoemaker","crew","male"
802,"Forest Whitaker","guest","male"
803,"Keith Urban","guest","male"
804,"Katreese Barnes","crew","unknown"
805,"Lily Allen","guest","female"
806,"Jeremy Piven","guest","male"
807,"AFI","guest","unknown"
808,"Annette Bening","guest","female"
809,"Matthew Fox","guest","male"
810,"Tenacious D","guest","unknown"
811,"Mary J. Blige","guest","female"
812,"Takeru Kobayashi","guest","male"
813,"Christina Aguilera","guest","female"
814,"Tony Bennett","guest","male"
815,"Ken Davitian","guest","male"
816,"John C. Reilly","guest","male"
817,"My Chemical Romance","guest","female"
818,"Jaime Pressly","guest","male"
819,"Corinne Bailey Rae","guest","female"
820,"Dane Cook","guest","male"
821,"Kevin Spacey","guest","male"
822,"Finesse Mitchell","cast","male"
823,"Nelly Furtado","guest","female"
824,"Timbaland","guest","unknown"
825,"Jason Alexander","guest","male"
826,"Red Hot Chili Peppers","guest","andy"
827,"Michael Lohan","guest","male"
828,"Antonio Banderas","guest","male"
829,"Matt Dillon","guest","male"
830,"J.B. Smoove","crew","unknown"
831,"Arctic Monkeys","guest","unknown"
832,"Dennis Haysbert","guest","male"
833,"Fall Out Boy","guest","unknown"
834,"Kelly Ripa","guest","female"
835,"Tamar","guest","female"
836,"Conan O'Brien","crew","male"
837,"Gideon Yago","guest","male"
838,"Death Cab For Cutie","guest","unknown"
839,"Jack Black","guest","male"
840,"Neil Young","guest","male"
841,"Johnny Knoxville","guest","male"
842,"Darlene Love","guest","female"
843,"Kyle Gass","guest","male"
844,"Tim Meadows","cast","male"
845,"Dave Foley","unknown","male"
846,"Phil Gordon","unknown","male"
847,"Alejandro Sanz","guest","male"
848,"James Blunt","guest","male"
849,"Eva Longoria","guest","female"
850,"Korn","guest","unknown"
851,"Jason Lee","guest","male"
852,"Lance Armstrong","guest","male"
853,"Sheryl Crow","guest","female"
854,"Scott Podsednik","guest","male"
855,"Catherine Zeta-Jones","guest","female"
856,"Franz Ferdinand","guest","male"
857,"Jon Heder","guest","male"
858,"Ashlee Simpson","guest","female"
859,"Rob Riggle","cast","male"
860,"Fred Willard","unknown","male"
861,"Queens of the Stone Age","guest","unknown"
862,"Paula Abdul","guest","female"
863,"Leo Allen","crew","male"
864,"Eric Slovin","crew","male"
865,"System of a Down","guest","unknown"
866,"Patti Forte","guest","female"
867,"Tom Brady","guest","male"
868,"Andy Murphy","crew","male"
869,"Eve","guest","female"
870,"Matt Piedmont","crew","male"
871,"Jack Johnson","guest","male"
872,"G. Love","guest","unknown"
873,"Hilary Swank","guest","female"
874,"50 Cent","guest","unknown"
875,"Olivia","guest","female"
876,"Paris Hilton","guest","female"
877,"Keane","guest","male"
878,"Paul Giamatti","guest","male"
879,"Sum41","guest","unknown"
880,"Topher Grace","guest","unknown"
881,"Destiny's Child","guest","unknown"
882,"Colin Farrell","guest","male"
883,"Scissor Sisters","guest","unknown"
884,"Brett Hull","guest","male"
885,"Luke Wilson","guest","male"
886,"Modest Mouse","guest","unknown"
887,"Kate Winslet","guest","female"
888,"Johnny Damon","guest","male"
889,"Proof","guest","unknown"
890,"Charlie Grandy","crew","male"
891,"Nelly","guest","female"
892,"Jaheim","guest","male"
893,"James Gandolfini","guest","male"
894,"Mary-Kate Olsen","guest","unknown"
895,"Ashley Olsen","guest","female"
896,"J-Kwon","guest","unknown"
897,"Snoop Dogg","guest","unknown"
898,"Janet Jackson","guest","female"
899,"Simon Cowell","guest","male"
900,"Carolyn Kepcher","guest","female"
901,"George Ross","guest","male"
902,"Toots and the Maytals","guest","unknown"
903,"Ben Harper","guest","male"
904,"Bootsy Collins","guest","unknown"
905,"The Roots","guest","female"
906,"N.E.R.D.","guest","unknown"
907,"Colin Firth","guest","male"
908,"Norah Jones","guest","female"
909,"Kelis","guest","female"
910,"Scott Wainio","crew","male"
911,"Megan Mullally","guest","female"
912,"Clay Aiken","guest","male"
913,"Nick Offerman","guest","male"
914,"Jeff Richards","cast","male"
915,"Jessica Simpson","guest","female"
916,"Nick Lachey","guest","male"
917,"G Unit","guest","unknown"
918,"Joe","guest","male"
919,"Al Franken","cast","male"
920,"Jet","guest","female"
921,"Missy Elliott","guest","female"
922,"Andy Roddick","guest","male"
923,"Trey Anastasio","guest","male"
924,"Outkast","guest","unknown"
925,"Halle Berry","guest","female"
926,"Britney Spears","guest","female"
927,"George Wendt","guest","male"
928,"Carl Weathers","guest","male"
929,"Jim Belushi","cast","male"
930,"Kip King","guest","male"
931,"Tom Davis","cast","male"
932,"Dean Edwards","cast","male"
933,"Adrien Brody","guest","male"
934,"Elliot Brody","guest","male"
935,"Sylvia Plachy","guest","female"
936,"Sean Paul","guest","male"
937,"Wayne Wonder","guest","male"
938,"Lukasz Gottwald","crew","unknown"
939,"Nate Dogg","guest","female"
940,"Ray Romano","guest","male"
941,"Zwan","guest","unknown"
942,"Bernie Mac","guest","male"
943,"Good Charlotte","guest","unknown"
944,"Salma Hayek","guest","female"
945,"Lorenzo Lamas","unknown","male"
946,"Ms. Dynamite","guest","unknown"
947,"Jeff Bergman","unknown","male"
948,"Tom Kenny","unknown","male"
949,"Jack Handey","crew","male"
950,"T. Sean Shannon","crew","unknown"
951,"The Dixie Chicks","guest","female"
952,"Ray Liotta","guest","male"
953,"The Donnas","guest","female"
954,"Jeff Gordon","guest","male"
955,"Tipper Gore","guest","unknown"
956,"Allison Janney","guest","female"
957,"Bradley Whitford","guest","male"
958,"John Spencer","guest","male"
959,"Martin Sheen","guest","male"
960,"Richard Schiff","guest","male"
961,"Phish","guest","unknown"
962,"Harvey Keitel","guest","male"
963,"Brittany Murphy","guest","female"
964,"Kelly Rowland","guest","female"
965,"Garrett Morris","cast","male"
966,"Nia Vardalos","guest","female"
967,"Jean Fey","guest","male"
968,"Eric McCormack","guest","male"
969,"Lenny Kravitz","guest","male"
970,"The White Stripes","guest","female"
971,"Sarah Michelle Gellar","guest","female"
972,"Faith Hill","guest","female"
973,"Soozie Tyrell","guest","unknown"
974,"Bruce Springsteen","unknown","male"
975,"Winona Ryder","guest","female"
976,"Alex Trebek","guest","male"
977,"Neil Diamond","guest","male"
978,"Moby","guest","unknown"
979,"Kirsten Dunst","guest","female"
980,"P.O.D.","guest","unknown"
981,"The Rock","guest","male"
982,"Andrew W.K.","guest","male"
983,"Jimmy Eat World","guest","male"
984,"Ian McKellen","guest","male"
985,"Kylie Minogue","guest","female"
986,"Jon Stewart","guest","male"
987,"George Plimpton","guest","male"
988,"Kurt Loder","unknown","male"
989,"Mike Judge","unknown","male"
990,"India.Arie","guest","unknown"
991,"Jonny Moseley","guest","male"
992,"Rip Taylor","guest","andy"
993,"John Zonars","crew","male"
994,"Josh Hartnett","guest","male"
995,"Ellen DeGeneres","guest","female"
996,"No Doubt","guest","unknown"
997,"Derek Jeter","guest","male"
998,"Patrick Ferrell","crew","male"
999,"David Cone","guest","male"
1000,"David Wells","guest","male"
1001,"Bubba Sparxxx","guest","unknown"
1002,"Billy Bob Thornton","guest","male"
1003,"Creed","guest","unknown"
1004,"Ryan Adams","guest","male"
1005,"Ja Rule","guest","female"
1006,"Ashanti","guest","female"
1007,"Case","guest","unknown"
1008,"Tom Green","guest","male"
1009,"Macy Gray","guest","female"
1010,"Colin Quinn","cast","male"
1011,"Seann William Scott","guest","unknown"
1012,"Kevin Nealon","cast","male"
1013,"Weezer","guest","unknown"
1014,"Jerry Minor","cast","male"
1015,"Lara Flynn Boyle","guest","female"
1016,"Adam McKay","crew","male"
1017,"Lou Reed","guest","male"
1018,"Julia Stiles","guest","female"
1019,"Pierce Brosnan","guest","male"
1020,"Michelle Williams","unknown","female"
1021,"Renee Zellweger","guest","female"
1022,"Kid Rock","guest","unknown"
1023,"Aerosmith","guest","unknown"
1024,"David Copperfield","guest","male"
1025,"Dennis McNicholas","crew","male"
1026,"Becky Weinberg","guest","female"
1027,"Max Weinberg","guest","male"
1028,"Don Henley","guest","male"
1029,"Katie Holmes","guest","female"
1030,"Sean Hayes","guest","male"
1031,"Michael Schur","crew","male"
1032,"Shaggy","guest","unknown"
1033,"Rikrok","guest","unknown"
1034,"Rayvon","guest","unknown"
1035,"Mark Elliot","unknown","male"
1036,"Mena Suvari","guest","female"
1037,"Janet Reno","guest","female"
1038,"Charlie Sheen","guest","male"
1039,"Lucy Liu","guest","female"
1040,"Hugh Fink","crew","male"
1041,"Beanie Sigel","guest","unknown"
1042,"Memphis Bleek","guest","unknown"
1043,"Mary Jane Green","guest","female"
1044,"Richard Green","guest","male"
1045,"David Gray","guest","male"
1046,"Derek Harvie","guest","male"
1047,"Glenn Humplik","guest","male"
1048,"Shawn Greenson","guest","male"
1049,"Calista Flockhart","guest","female"
1050,"Ricky Martin","guest","male"
1051,"Robert Carlock","crew","male"
1052,"Baha Men","guest","male"
1053,"Matt Walsh","crew","male"
1054,"The Wallflowers","guest","female"
1055,"Kate Hudson","guest","female"
1056,"Nomar Garciaparra","guest","unknown"
1057,"Rob Lowe","guest","male"
1058,"Ralph Nader","guest","male"
1059,"Dido","guest","female"
1060,"Brendan Fraser","guest","male"
1061,"Florence Henderson","guest","female"
1062,"Gina Gershon","guest","female"
1063,"Jackie Chan","guest","male"
1064,"Cheri Oteri","cast","female"
1065,"Joe C.","guest","male"
1066,"Patricia Oteri","guest","female"
1067,"Kevin Brennan","crew","male"
1068,"Tobey Maguire","guest","unknown"
1069,"Sisqo","guest","unknown"
1070,"Rich Francese","crew","male"
1071,"Big Show","guest","unknown"
1072,"Mick Foley","guest","male"
1073,"Triple H","guest","unknown"
1074,"Vince McMahon","guest","male"
1075,"Steven Cragg","crew","male"
1076,"AC/DC","guest","unknown"
1077,"Joshua Jackson","guest","male"
1078,"'N Sync","guest","unknown"
1079,"Chris Kirkpatrick","unknown","male"
1080,"J.C. Chasez","unknown","unknown"
1081,"Joey Fatone","unknown","male"
1082,"Lance Bass","unknown","male"
1083,"The Statler Brothers","guest","female"
1084,"Fiona Apple","guest","female"
1085,"Julianna Margulies","guest","female"
1086,"Noah Wyle","guest","male"
1087,"DMX","guest","unknown"
1088,"Alan Cumming","guest","male"
1089,"Fat Joe","guest","unknown"
1090,"Freddie Prinze Jr.","guest","male"
1091,"Angie Everhart","guest","female"
1092,"Ryan Shiraki","crew","male"
1093,"Blink-182","guest","unknown"
1094,"Michael Stipe","unknown","male"
1095,"Joe Franken (II)","guest","male"
1096,"R.E.M.","guest","unknown"
1097,"Cheryl Hardwick","crew","female"
1098,"Christina Ricci","guest","female"
1099,"John Carpenter","guest","male"
1100,"Tim Herlihy","crew","male"
1101,"Sting","guest","male"
1102,"Cheb Mami","guest","male"
1103,"Garth Brooks","guest","male"
1104,"Chris Gaines","guest","male"
1105,"Dylan McDermott","guest","male"
1106,"Dr. Dre","guest","male"
1107,"Heather Graham","guest","female"
1108,"Marc Anthony","guest","male"
1109,"David Bowie","guest","male"
1110,"Dean Winters","guest","male"
1111,"Harold Perrineau","guest","male"
1112,"Lee Tergesen","guest","male"
1113,"A.J. Benza","guest","unknown"
1114,"Rick Ludwin","guest","male"
1115,"Howie Dorough","unknown","male"
1116,"David Boreanaz","guest","male"
1117,"Seth Green","guest","male"
1118,"Backstreet Boys","guest","unknown"
1119,"Monica Lewinsky","guest","female"
1120,"Cuba Gooding Jr.","guest","unknown"
1121,"Garbage","guest","unknown"
1122,"Doris Roberts","guest","female"
1123,"Peter Boyle","guest","male"
1124,"The Corrs","guest","female"
1125,"Stephanie Seymour","guest","female"
1126,"Lucinda Williams","guest","female"
1127,"Barenaked Ladies","guest","unknown"
1128,"James Van Der Beek","guest","male"
1129,"Everlast","guest","unknown"
1130,"Bill Paxton","guest","male"
1131,"Lori Nasso","crew","female"
1132,"Debbie Matenopoulos","guest","female"
1133,"Luciano Pavarotti","guest","male"
1134,"Vanessa Williams","guest","female"
1135,"Janice Pendarvis","guest","female"
1136,"Lauryn Hill","guest","female"
1137,"Jennifer Love Hewitt","guest","female"
1138,"Muse Watson","guest","unknown"
1139,"Adam Horovitz","unknown","male"
1140,"Beastie Boys","guest","unknown"
1141,"Joan Allen","guest","female"
1142,"Jewel","guest","female"
1143,"Eagle-Eye Cherry","guest","unknown"
1144,"Chili Davis","guest","unknown"
1145,"Graeme Lloyd","guest","male"
1146,"Tino Martinez","guest","male"
1147,"Alanis Morissette","guest","female"
1148,"Lucy Lawless","guest","female"
1149,"Judge Judy Sheindlin","guest","female"
1150,"Chucky","guest","unknown"
1151,"Elliott Smith","guest","male"
1152,"Kelsey Grammer","guest","male"
1153,"Shaquille O'Neal","guest","male"
1154,"Christine Baranski","guest","female"
1155,"Hal Linden","guest","male"
1156,"Patti LuPone","guest","female"
1157,"Wendy Melvoin","guest","female"
1158,"The Smashing Pumpkins","guest","female"
1159,"Jonathan Richman","guest","male"
1160,"Tommy Larkins","guest","male"
1161,"David Duchovny","guest","male"
1162,"Nicholas Lea","guest","male"
1163,"Puff Daddy","guest","unknown"
1164,"Jimmy Page","guest","male"
1165,"Jim Breuer","cast","male"
1166,"Regis Philbin","guest","male"
1167,"Bob Van Ry","crew","male"
1168,"Natalie Merchant","guest","female"
1169,"Greg Kinnear","guest","male"
1170,"All Saints","guest","unknown"
1171,"Bob Hoskins","guest","male"
1172,"Lewis Lapham","guest","male"
1173,"John Hurt","guest","male"
1174,"Didi Conn","guest","female"
1175,"Gilbert Gottfried","unknown","male"
1176,"Molly Ringwald","unknown","female"
1177,"Third Eye Blind","guest","unknown"
1178,"Natasha Henstridge","guest","female"
1179,"Julianne Moore","guest","female"
1180,"Tom Gianas","crew","male"
1181,"Scott Wolf","guest","male"
1182,"Natalie Imbruglia","guest","female"
1183,"Robert Duvall","guest","male"
1184,"Mark McKinney","cast","male"
1185,"Roma Downey","guest","female"
1186,"Missy ""Misdemeanor"" Elliott","guest","female"
1187,"Magoo","guest","unknown"
1188,"Cindy Caponera","crew","female"
1189,"Lou Marini","crew","male"
1190,"Leon Pendarvis","crew","male"
1191,"Alan P. Rubin","crew","male"
1192,"Paula Cole","guest","female"
1193,"Portishead","guest","unknown"
1194,"Frank Sebastiano","crew","male"
1195,"Ben Folds Five","guest","male"
1196,"Helen Hunt","guest","female"
1197,"Cliff Floyd","guest","male"
1198,"David Howard","guest","male"
1199,"Gerald Williams","guest","male"
1200,"Gregg Jefferies","guest","male"
1201,"Jeff Fassero","guest","male"
1202,"Mark Grudzielanek","guest","male"
1203,"Mark Wohlers","guest","male"
1204,"Marty Cordova","guest","male"
1205,"Mike Sweeney","guest","male"
1206,"Pedro Borbon Jr.","guest","male"
1207,"Rondell White","guest","unknown"
1208,"Russ Davis","guest","male"
1209,"Scott Rolen","guest","male"
1210,"Todd Hundley","guest","male"
1211,"Todd Zeile","guest","male"
1212,"Hanson","guest","unknown"
1213,"Nathan Lane","guest","male"
1214,"Ernie Sabella","guest","male"
1215,"The Dallas Cowboys Cheerleaders","guest","female"
1216,"Metallica","guest","unknown"
1217,"Marianne Faithfull","guest","female"
1218,"Sarah McLachlan","guest","female"
1219,"Michael McKean","cast","male"
1220,"Claire Danes","guest","female"
1221,"Jane's Addiction","guest","unknown"
1222,"Flea","guest","unknown"
1223,"Chris Farley","cast","male"
1224,"The Mighty Mighty Bosstones","guest","female"
1225,"Bill Kurtis","guest","male"
1226,"Mike Ditka","guest","male"
1227,"Eric Dickerson","guest","male"
1228,"Joe Dicso","crew","male"
1229,"Matthew Perry","guest","male"
1230,"Ian Roberts","crew","male"
1231,"Oasis","guest","unknown"
1232,"Richard Jewell","guest","male"
1233,"Jamiroquai","guest","unknown"
1234,"Jeff Goldblum","guest","male"
1235,"En Vogue","guest","andy"
1236,"Pamela Lee","guest","female"
1237,"Tommy Lee","guest","male"
1238,"Rollins Band","guest","unknown"
1239,"Joe Pesci","guest","male"
1240,"Spice Girls","guest","unknown"
1241,"Mark Hamill","guest","male"
1242,"Veruca Salt","guest","unknown"
1243,"Trudie Styler","guest","female"
1244,"Norm Hiscock","crew","male"
1245,"Tina Turner","guest","female"
1246,"Howard Stern","guest","male"
1247,"Live","guest","unknown"
1248,"Neve Campbell","guest","female"
1249,"David Alan Grier","guest","male"
1250,"Snoop Doggy Dogg","guest","unknown"
1251,"Charlie Wilson","guest","male"
1252,"Daz Dillinger","guest","unknown"
1253,"John Cleese","guest","male"
1254,"Michael Palin","guest","male"
1255,"Rosie O'Donnell","guest","female"
1256,"Whitney Houston","guest","female"
1257,"Penny Marshall","guest","female"
1258,"Georgia Mass Choir","guest","female"
1259,"Cliff Robertson","guest","male"
1260,"Rodney Dangerfield","guest","male"
1261,"Bush","guest","unknown"
1262,"Bob Dole","guest","male"
1263,"Elizabeth Dole","guest","female"
1264,"Robert Downey Jr.","cast","male"
1265,"Evander Holyfield","guest","male"
1266,"Abe Vigoda","guest","male"
1267,"Bill Pullman","guest","male"
1268,"New Edition","guest","unknown"
1269,"Fred Wolf","cast","male"
1270,"David Lander","guest","male"
1271,"Lisa Kudrow","guest","female"
1272,"Kerri Strug","guest","female"
1273,"John Henry Kurtz","unknown","male"
1274,"Soundgarden","guest","unknown"
1275,"The Cure","guest","female"
1276,"Jim Gaffigan","guest","male"
1277,"Teri Hatcher","guest","female"
1278,"Sam Waterston","guest","male"
1279,"Erin Maroney","crew","female"
1280,"Steve Forbes","guest","male"
1281,"Rage Against The Machine","guest","unknown"
1282,"Catherine Forbes","guest","female"
1283,"Elizabeth Forbes","guest","female"
1284,"Moira Forbes","guest","female"
1285,"Roberta Forbes","guest","female"
1286,"Sabina Beekman","guest","female"
1287,"Sabina Forbes","guest","female"
1288,"Gin Blossoms","guest","unknown"
1289,"Elle MacPherson","guest","female"
1290,"Everclear","guest","unknown"
1291,"Tom Arnold","guest","male"
1292,"Tupac Shakur","guest","unknown"
1293,"Danny Boy","guest","male"
1294,"Roger Troutman","guest","male"
1295,"Danny Aiello","guest","male"
1296,"Coolio","guest","unknown"
1297,"Larry Brown","guest","male"
1298,"L.V.","guest","unknown"
1299,"Tori Amos","guest","female"
1300,"George Pataki","guest","male"
1301,"Joan Osborne","guest","female"
1302,"Madeline Kahn","guest","female"
1303,"Silverchair","guest","unknown"
1304,"Anthony Edwards","guest","male"
1305,"Laura Leighton","guest","female"
1306,"Grant Show","guest","male"
1307,"Rancid","guest","unknown"
1308,"Sean Penn","guest","male"
1309,"Quentin Tarantino","guest","male"
1310,"Robert Hegyes","guest","male"
1311,"Bill Bradley","guest","male"
1312,"Lamar Alexander","guest","male"
1313,"Gabriel Byrne","guest","male"
1314,"Chipper Jones","guest","unknown"
1315,"Chrissie Hynde","guest","female"
1316,"Tom Glavine","guest","male"
1317,"David Schwimmer","guest","male"
1318,"Barry Williams","guest","male"
1319,"Gary Coleman","guest","male"
1320,"Jimmie Walker","guest","male"
1321,"Jennifer Turner","guest","female"
1322,"Katell Keineg","guest","female"
1323,"Mariel Hemingway","guest","female"
1324,"Beth McCarthy Miller","crew","female"
1325,"Lisa Loeb","guest","female"
1326,"Don Novello","cast","male"
1327,"Blues Traveler","guest","unknown"
1328,"Morwenna Banks","cast","female"
1329,"Ellen Cleghorne","cast","female"
1330,"Chris Elliott","cast","male"
1331,"G.E. Smith","crew","unknown"
1332,"Michael Angarano","guest","male"
1333,"Naomi Campbell","guest","female"
1334,"Jay Mohr","cast","male"
1335,"Rod Stewart","guest","male"
1336,"Laura Kightlinger","cast","female"
1337,"Bob Saget","guest","male"
1338,"TLC","guest","unknown"
1339,"Courteney Cox","guest","female"
1340,"Damon Wayans","cast","male"
1341,"Janeane Garofalo","cast","female"
1342,"Dionne Farris","guest","female"
1343,"Brian Dennehy","guest","male"
1344,"The Tragically Hip","guest","female"
1345,"Paul Reiser","guest","male"
1346,"Billy Grundfest","guest","male"
1347,"Steve Koren","crew","male"
1348,"Dave Wilson","crew","male"
1349,"Annie Lennox","guest","female"
1350,"George Clooney","guest","male"
1351,"Ian Maxtone-Graham","crew","male"
1352,"The Cranberries","guest","female"
1353,"Akeyla Cleghorne","crew","unknown"
1354,"Bruce McCulloch","crew","male"
1355,"Deion Sanders","guest","male"
1356,"Manute Bol","guest","unknown"
1357,"Bob Newhart","guest","male"
1358,"Des'ree","guest","unknown"
1359,"Marilyn Suzanne Miller","crew","female"
1360,"Suzanne Pleshette","guest","female"
1361,"David Hyde Pierce","guest","male"
1362,"Luscious Jackson","guest","unknown"
1363,"George Foreman","guest","male"
1364,"Michael Buffer","guest","male"
1365,"Hole","guest","unknown"
1366,"Christian Slater","guest","male"
1367,"Roseanne","guest","female"
1368,"John Turturro","guest","male"
1369,"Joey Buttafuoco","guest","male"
1370,"David Hasselhoff","guest","male"
1371,"Sarah Jessica Parker","guest","female"
1372,"President George Bush","guest","unknown"
1373,"Edie Brickell","guest","female"
1374,"John Travolta","guest","male"
1375,"Seal","guest","unknown"
1376,"Marisa Tomei","guest","female"
1377,"Bonnie Raitt","guest","female"
1378,"Lew Morton","crew","male"
1379,"Eric Clapton","guest","male"
1380,"Bobby Bonilla","guest","male"
1381,"Jack McDowell","guest","male"
1382,"Lenny Dykstra","guest","male"
1383,"Mo Vaughn","guest","male"
1384,"Roger Clemens","guest","male"
1385,"Heather Locklear","guest","female"
1386,"Jay Leno","guest","male"
1387,"Melanie Hutsell","cast","female"
1388,"Julia Sweeney","cast","female"
1389,"Rafael Fuchs","guest","male"
1390,"The Pretenders","guest","female"
1391,"Jan Hooks","cast","female"
1392,"Emilio Estevez","guest","male"
1393,"Sy Sperling","guest","male"
1394,"Dave Attell","crew","male"
1395,"Steve Lookner","crew","male"
1396,"David Mandel","crew","male"
1397,"Dwight Yoakham","guest","male"
1398,"Cindy Crawford","guest","female"
1399,"Nancy Kerrigan","guest","female"
1400,"Christine Zander","crew","female"
1401,"Aretha Franklin","guest","female"
1402,"Martin Lawrence","guest","male"
1403,"Crash Test Dummies","guest","unknown"
1404,"Kim Basinger","guest","female"
1405,"UB40","guest","unknown"
1406,"Billy Baldwin","guest","male"
1407,"Stephen Baldwin","guest","male"
1408,"Patrick Stewart","guest","male"
1409,"Salt-N-Pepa","guest","unknown"
1410,"Bernie Kopell","guest","female"
1411,"Sara Gilbert","guest","female"
1412,"Counting Crows","guest","unknown"
1413,"Jason Patric","guest","male"
1414,"Blind Melon","guest","unknown"
1415,"Richard Simmons","guest","male"
1416,"Sally Field","guest","female"
1417,"Tony! Toni! Tone!","guest","unknown"
1418,"Lili Haydn","guest","female"
1419,"Charlton Heston","guest","unknown"
1420,"Paul Westerberg","guest","male"
1421,"Nicole Kidman","guest","female"
1422,"Stone Temple Pilots","guest","male"
1423,"Tom Schiller","cast","male"
1424,"Jimmy Workman","guest","male"
1425,"James Taylor","guest","male"
1426,"Casey Kasem","guest","andy"
1427,"Don Grolnick","crew","male"
1428,"Billy Joel","guest","male"
1429,"T-Bone Wolk","crew","unknown"
1430,"Steven Tyler","unknown","male"
1431,"Joe Perry","unknown","male"
1432,"Laura Dern","guest","female"
1433,"Shannen Doherty","guest","female"
1434,"Ashley Hamilton","guest","female"
1435,"Cypress Hill","guest","unknown"
1436,"Muggsy Bogues","guest","unknown"
1437,"Nirvana","guest","female"
1438,"Skid Row","guest","unknown"
1439,"Kevin Kline","guest","male"
1440,"Bonnie Turner","crew","female"
1441,"Terry Turner","crew","female"
1442,"Joel Godard","unknown","male"
1443,"Willie Nelson","guest","male"
1444,"Midnight Oil","guest","unknown"
1445,"Warren Hutcherson","crew","male"
1446,"Kirstie Alley","guest","female"
1447,"Peter Gabriel","guest","male"
1448,"Miranda Richardson","guest","female"
1449,"Stephen Rea","guest","male"
1450,"Soul Asylum","guest","unknown"
1451,"Marv Albert","guest","male"
1452,"The Bravados","guest","female"
1453,"Cora Blige","guest","female"
1454,"Linda McCartney","guest","female"
1455,"Giorgio Armani","guest","male"
1456,"Luke Perry","guest","male"
1457,"Jeff Renaudo","crew","male"
1458,"Joe Mantegna","guest","male"
1459,"Grafton True","crew","unknown"
1460,"Glenn Close","guest","female"
1461,"The Black Crowes","guest","female"
1462,"Mary Beth Hurt","guest","female"
1463,"Jim Pitt","crew","male"
1464,"Roseanne Arnold","guest","female"
1465,"Dick Butkus","guest","male"
1466,"Sinbad","guest","unknown"
1467,"Sade","guest","female"
1468,"Morrissey","guest","unknown"
1469,"Catherine O'Hara","guest","female"
1470,"10,000 Maniacs","guest","unknown"
1471,"Arrested Development","guest","unknown"
1472,"Spin Doctors","guest","unknown"
1473,"Tim Robbins","guest","male"
1474,"Sinead O'Connor","guest","unknown"
1475,"Bobby Brown","guest","male"
1476,"Cher","guest","female"
1477,"Siobhan Fallon","cast","female"
1478,"Beth Cahill","cast","female"
1479,"Victoria Jackson","cast","female"
1480,"Sharon Stone","guest","female"
1481,"Ken Stabler","guest","male"
1482,"Mary Stuart Masterson","guest","female"
1483,"Barbra Streisand","guest","female"
1484,"Jason Priestley","guest","male"
1485,"Teenage Fanclub","guest","unknown"
1486,"Susan Dey","guest","female"
1487,"C+C Music Factory","guest","unknown"
1488,"Deborah Cooper","guest","female"
1489,"Robbie Robertson","guest","male"
1490,"Bruce Hornsby","guest","male"
1491,"Ivan Neville","guest","male"
1492,"Monk Boudreaux","guest","unknown"
1493,"Rob Morrow","guest","male"
1494,"Lew Del Gatto","crew","male"
1495,"Susan Lucci","guest","female"
1496,"Hammer","guest","unknown"
1497,"Macaulay Culkin","guest","male"
1498,"Kieran Culkin","guest","male"
1499,"Tin Machine","guest","male"
1500,"Linda Hamilton","guest","female"
1501,"Edward Furlong","guest","male"
1502,"Rachel Bolan","unknown","female"
1503,"Sebastian Bach","unknown","male"
1504,"John McLaughlin","guest","male"
1505,"Arnold Schwarzenegger","guest","male"
1506,"Ted Danson","guest","male"
1507,"Color Me Badd","guest","unknown"
1508,"Michael Jordan","guest","male"
1509,"Public Enemy","guest","unknown"
1510,"Jesse Jackson","guest","male"
1511,"Spike Lee","guest","male"
1512,"Spike Feresten","crew","male"
1513,"Dennis Miller","cast","male"
1514,"Elvis Costello","guest","male"
1515,"Andrew Robin","crew","male"
1516,"Delta Burke","guest","unknown"
1517,"Bob Odenkirk","crew","male"
1518,"Chris Isaak","guest","male"
1519,"Silvertone","guest","unknown"
1520,"Steven Seagal","guest","male"
1521,"Randy Quaid","cast","male"
1522,"Kate Pierson","guest","female"
1523,"Jeremy Irons","guest","male"
1524,"Fishbone","guest","unknown"
1525,"Razor Ruddock","guest","unknown"
1526,"Michael J. Fox","guest","male"
1527,"A. Whitney Brown","cast","male"
1528,"Arthur Kent","guest","male"
1529,"Roseanne Barr","guest","female"
1530,"Deee-Lite","guest","unknown"
1531,"Bootsy Collins & The Rubber Band","guest","unknown"
1532,"Kevin Bacon","guest","male"
1533,"INXS","guest","unknown"
1534,"Vanilla Ice","guest","unknown"
1535,"Dennis Quaid","guest","male"
1536,"The Neville Brothers","guest","female"
1537,"Elliott Gould","guest","male"
1538,"Tony Randall","guest","male"
1539,"Edie Brickell & New Bohemians","guest","female"
1540,"Faith No More","guest","female"
1541,"Dennis Hopper","guest","male"
1542,"Bert Parks","guest","male"
1543,"Olodum","guest","unknown"
1544,"Jimmy Smits","guest","male"
1545,"Bob Costas","guest","male"
1546,"World Party","guest","unknown"
1547,"Patrick Swayze","guest","male"
1548,"Lisa Niemi","guest","female"
1549,"George Steinbrenner","guest","male"
1550,"The Time","guest","female"
1551,"Hothouse Flowers","guest","unknown"
1552,"Gene Rayburn","guest","male"
1553,"Kyle MacLachlan","guest","male"
1554,"Audrey Peart Dickman","crew","female"
1555,"The Notting Hillbillies","guest","female"
1556,"Nora Dunn","cast","female"
1557,"Andrew Dice Clay","guest","male"
1558,"The Spanic Boys","guest","female"
1559,"Julee Cruise","guest","unknown"
1560,"The B-52's","guest","female"
1561,"Gregory Daniels","crew","male"
1562,"Corbin Bernsen","guest","male"
1563,"The Smithereens","guest","female"
1564,"Debra Winger","guest","female"
1565,"The Pogues","guest","female"
1566,"Fred Savage","guest","male"
1567,"Joanne Savage","guest","female"
1568,"Technotronic","guest","unknown"
1569,"Kala Savage","guest","female"
1570,"Rosie Perez","guest","female"
1571,"Quincy Jones","guest","male"
1572,"Tevin Campbell","guest","male"
1573,"Andrae Crouch","guest","unknown"
1574,"Sandra Crouch","guest","female"
1575,"Kool Moe Dee","guest","unknown"
1576,"Big Daddy Kane","guest","unknown"
1577,"Melle Mel","guest","male"
1578,"Quincy D III","guest","male"
1579,"Siedah Garrett","guest","unknown"
1580,"Al Jarreau","guest","male"
1581,"Take 6","guest","male"
1582,"Ed O'Neill","guest","male"
1583,"Maury Povich","guest","male"
1584,"Harry Connick Jr.","guest","male"
1585,"Marc Shaiman","crew","male"
1586,"Andie MacDowell","guest","female"
1587,"Tracy Chapman","guest","female"
1588,"Robert Wagner","guest","male"
1589,"Linda Ronstadt","guest","female"
1590,"Aaron Neville","guest","male"
1591,"K.D. Lang & The Reclines","guest","unknown"
1592,"Chris Evert","guest","male"
1593,"Eurythmics","guest","unknown"
1594,"James Woods","guest","male"
1595,"Kathleen Turner","guest","female"
1596,"Rick Moranis","guest","male"
1597,"Rickie Lee Jones","guest","male"
1598,"Steve Jordan","crew","male"
1599,"Timothy Busfield","guest","male"
1600,"Paulina Porizkova","guest","female"
1601,"Wayne Gretzky","guest","male"
1602,"Janet Jones","guest","female"
1603,"Fine Young Cannibals","guest","female"
1604,"Geena Davis","guest","female"
1605,"John Mellencamp","guest","male"
1606,"Dolly Parton","guest","female"
1607,"Mel Gibson","guest","female"
1608,"Living Colour","guest","unknown"
1609,"Danny Glover","guest","male"
1610,"Mary Tyler Moore","guest","female"
1611,"John Bowman","crew","male"
1612,"William Hurt","guest","male"
1613,"The Gipsy Kings","guest","female"
1614,"Leslie Nielsen","guest","male"
1615,"Beverly Johnson","guest","female"
1616,"Cheryl Tiegs","guest","female"
1617,"Kim Alexis","guest","female"
1618,"Cowboy Junkies","guest","unknown"
1619,"Luther Vandross","guest","male"
1620,"Tony Danza","guest","male"
1621,"John Hiatt","guest","male"
1622,"The Goners","guest","female"
1623,"Anita Baker","guest","female"
1624,"Little Feat","guest","unknown"
1625,"Bobby McFerrin","guest","male"
1626,"The Bangles","guest","female"
1627,"John Lithgow","guest","male"
1628,"Johnny Clegg & Savuka","guest","male"
1629,"Matthew Modine","guest","male"
1630,"Morton Downey Jr.","guest","male"
1631,"John Larroquette","guest","male"
1632,"Randy Newman","guest","male"
1633,"Mark Knopfler","guest","male"
1634,"The Sugarcubes","guest","female"
1635,"Douglas McGrath","guest","male"
1636,"Fred Newman","guest","male"
1637,"Laurie Metcalf","cast","female"
1638,"Keith Richards","guest","male"
1639,"Judge Reinhold","guest","male"
1640,"Randy Travis","guest","male"
1641,"Justine Bateman","guest","female"
1642,"Terrance Trent D'Arby","guest","male"
1643,"BoDeans","guest","unknown"
1644,"Maria McKee","guest","female"
1645,"Leland Sklar","guest","male"
1646,"Sen. Paul Simon","guest","unknown"
1647,"The Mariachi Vargas de Tecalitlan","guest","female"
1648,"Angie Dickinson","guest","female"
1649,"Buster Poindexter","guest","male"
1650,"The Banshees of Blue","guest","female"
1651,"The Uptown Horns","guest","female"
1652,"David Gilmour","guest","male"
1653,"Bryan Ferry","guest","male"
1654,"Rhea Perlman","guest","female"
1655,"Sydney Biddle Barrows","guest","female"
1656,"Robert Mitchum","guest","male"
1657,"Simply Red","guest","unknown"
1658,"Bentley Mitchum","guest","unknown"
1659,"Jane Greer","guest","female"
1660,"Ric Ocasek","unknown","unknown"
1661,"Elvira","guest","female"
1662,"Dabney Coleman","guest","unknown"
1663,"The Cars","guest","female"
1664,"LL Cool J","guest","unknown"
1665,"The Pull","guest","female"
1666,"Branford Marsalis","guest","unknown"
1667,"Bruce Babbitt","guest","male"
1668,"Roy Orbison","guest","male"
1669,"Garry Shandling","guest","male"
1670,"Los Lobos","guest","unknown"
1671,"Nell Campbell","guest","female"
1672,"Tracey Ullman","guest","female"
1673,"Mark Harmon","guest","male"
1674,"Suzanne Vega","guest","female"
1675,"Timbuk 3","guest","unknown"
1676,"Al Camoin","crew","male"
1677,"Wynton Marsalis","guest","unknown"
1678,"Bob Hurst","guest","male"
1679,"Don Braden","guest","male"
1680,"Jeff Watts","guest","male"
1681,"Marcus Roberts","guest","male"
1682,"Anne Meara","guest","female"
1683,"Jerry Stiller","guest","male"
1684,"John Mahoney","guest","male"
1685,"Julie Hagerty","guest","female"
1686,"Nina Tremblay","guest","female"
1687,"Brian McConnachie","crew","male"
1688,"Percy Sledge","guest","male"
1689,"Valerie Bertinelli","guest","female"
1690,"Edwin Newman","guest","male"
1691,"Eddie Van Halen","guest","male"
1692,"The Robert Cray Band","guest","female"
1693,"Bronson Pinchot","guest","male"
1694,"Paul Young","guest","male"
1695,"Bruce Hornsby & The Range","guest","male"
1696,"Walter Payton","guest","male"
1697,"Joe Montana","guest","male"
1698,"Debbie Harry","guest","female"
1699,"Chris Stein","guest","male"
1700,"Kevin Meaney","guest","male"
1701,"Lone Justice","guest","female"
1702,"Griffin Dunne","guest","male"
1703,"Steve Guttenberg","guest","male"
1704,"Penn & Teller","guest","unknown"
1705,"Eriq La Salle","guest","unknown"
1706,"Fisher Stevens","guest","unknown"
1707,"Eric Idle","guest","male"
1708,"Art Garfunkel","guest","male"
1709,"Ladysmith Black Mambazo","guest","unknown"
1710,"Sam Kinison","guest","male"
1711,"Seka","guest","female"
1712,"Andy Breckman","crew","male"
1713,"Ron Darling","guest","male"
1714,"Rosanna Arquette","guest","female"
1715,"Bill Wegman","guest","male"
1716,"Malcolm-Jamal Warner","guest","unknown"
1717,"Rosie Schuster","crew","female"
1718,"Run DMC","guest","andy"
1719,"Christopher Durang","guest","male"
1720,"Mauricio Smith","crew","male"
1721,"Billy Martin","guest","male"
1722,"Joan Cusack","cast","female"
1723,"Terry Sweeney","cast","male"
1724,"Danitra Vance","cast","female"
1725,"Anjelica Huston","guest","female"
1726,"Anthony Michael Hall","cast","male"
1727,"George Clinton & The Parliament Funkadelic","guest","male"
1728,"Thomas Dolby","guest","male"
1729,"Carol Leifer","crew","female"
1730,"Marvelous Marvin Hagler","guest","unknown"
1731,"Jimmy Breslin","guest","male"
1732,"Level 42","guest","unknown"
1733,"Bob Christianson","crew","male"
1734,"E.G. Daily","guest","unknown"
1735,"Catherine Oxenberg","guest","female"
1736,"Princess Elizabeth of Yugoslavia","guest","female"
1737,"Laurie Anderson","guest","female"
1738,"Oprah Winfrey","guest","female"
1739,"Joe Jackson","guest","male"
1740,"John Swartzwelder","crew","male"
1741,"Francis Ford Coppola","guest","male"
1742,"Philip Glass","guest","male"
1743,"Rosanne Cash","guest","female"
1744,"Mike The Dog","guest","male"
1745,"Jerry Hall","guest","male"
1746,"Stevie Ray Vaughan","guest","male"
1747,"Double Trouble","guest","unknown"
1748,"Jimmie Vaughan","guest","male"
1749,"Ron Reagan","guest","male"
1750,"Dan Vitale","cast","male"
1751,"The Nelsons","guest","female"
1752,"Dudley Moore","guest","male"
1753,"Al Green","guest","male"
1754,"Harry Dean Stanton","guest","male"
1755,"The Replacements","guest","female"
1756,"Teri Garr","guest","female"
1757,"Dream Academy","guest","unknown"
1758,"The Cult","guest","female"
1759,"Steven Wright","guest","male"
1760,"Mr. Mister","guest","male"
1761,"Rex Robbins","guest","male"
1762,"Queen Ida","guest","female"
1763,"Sheila E.","guest","female"
1764,"Brandon Tartikoff","guest","male"
1765,"Simple Minds","guest","unknown"
1766,"Christopher Guest","cast","male"
1767,"Howard Cosell","guest","male"
1768,"Gary Kroeger","cast","male"
1769,"Mary Gross","cast","female"
1770,"Pamela Stephenson","cast","female"
1771,"Rich Hall","cast","male"
1772,"Kevin Kelton","crew","male"
1773,"Frederick Koehler","crew","male"
1774,"Greg Kihn","guest","male"
1775,"Rob Riley","crew","male"
1776,"Christopher Reeve","guest","male"
1777,"Calvert DeForest","guest","unknown"
1778,"Santana","guest","female"
1779,"Anne Beatts","crew","female"
1780,"Mr. T","guest","male"
1781,"Hulk Hogan","guest","male"
1782,"Steve Landesberg","guest","male"
1783,"Liberace","guest","male"
1784,"The Commodores","guest","female"
1785,"Bob Orton","guest","male"
1786,"Rowdy Roddy Piper","guest","male"
1787,"Pamela Sue Martin","guest","female"
1788,"Ann-Margret","guest","female"
1789,"Lynn Swann","guest","female"
1790,"Morgan Fairchild","guest","female"
1791,"Dick Ebersol","crew","male"
1792,"Andrew Smith","crew","male"
1793,"Power Station","guest","unknown"
1794,"Harry Anderson","guest","male"
1795,"Waylon Jennings","guest","male"
1796,"Johnny Cash","guest","male"
1797,"June Carter Cash","guest","female"
1798,"Bryan Adams","guest","male"
1799,"Carol Burnett","guest","female"
1800,"Alex Karras","guest","male"
1801,"Roy Scheider","guest","male"
1802,"Billy Ocean","guest","male"
1803,"Harry Shearer","cast","male"
1804,"John Waite","guest","male"
1805,"Clint Smith","crew","male"
1806,"Robert Plant & The Honeydrippers","guest","male"
1807,"Ronnie Cuber","crew","male"
1808,"Tom Malone","crew","male"
1809,"Georg Wadenius","crew","male"
1810,"Buddy Williams","crew","male"
1811,"Alan Zweibel","cast","male"
1812,"Willie Day","crew","male"
1813,"Ringo Starr","guest","male"
1814,"James Pickens Jr.","guest","male"
1815,"Herbie Hancock","guest","unknown"
1816,"Barbara Bach","guest","female"
1817,"Ed Begley Jr.","guest","male"
1818,"Billy Squier","guest","male"
1819,"Lee Mayman","crew","male"
1820,"Ed Asner","guest","male"
1821,"The Kinks","guest","female"
1822,"George Carlin","guest","male"
1823,"Nate Herman","crew","female"
1824,"Frankie Goes To Hollywood","guest","andy"
1825,"Bobby Fraraccio","crew","male"
1826,"Chaka Khan","guest","female"
1827,"Yvonne Hudson","cast","female"
1828,"Heino Ripp","crew","male"
1829,"Wintley Phipps","guest","unknown"
1830,"Bob Uecker","guest","male"
1831,"Dave Winfield","guest","male"
1832,"Yogi Berra","guest","male"
1833,"Peter Wolf","guest","male"
1834,"Elliot Easton","guest","male"
1835,"Gordon ""Megabucks"" Worthy","guest","male"
1836,"Leon Mobley","guest","male"
1837,"Maurice Starr","guest","male"
1838,"Michael ""Spaceman"" Jonzun","guest","male"
1839,"Thommy Price","guest","male"
1840,"Reginald VelJohnson","guest","male"
1841,"Rob Reiner","guest","male"
1842,"The Thompson Twins","guest","female"
1843,"Jamie Lee Curtis","guest","female"
1844,"Joe Piscopo","cast","male"
1845,"Ed Koch","guest","male"
1846,"Father Guido Sarducci","guest","unknown"
1847,"Betty Thomas","guest","female"
1848,"Brad Hall","cast","male"
1849,"Tim Kazurinsky","cast","male"
1850,"Robin Duke","cast","female"
1851,"Timothy Hutton","guest","male"
1852,"Joel Hodgson","guest","male"
1853,"Barry Bostwick","guest","male"
1854,"Spinal Tap","guest","unknown"
1855,"Soupy Sales","guest","unknown"
1856,"George McGovern","guest","male"
1857,"Clara Peller","guest","female"
1858,"Frankie Pace","guest","andy"
1859,"Madness","guest","unknown"
1860,"Eleanor McGovern","guest","female"
1861,"Michael Douglas","guest","male"
1862,"Deniece Williams","guest","female"
1863,"Al Siegal","crew","male"
1864,"Kool & The Gang","guest","unknown"
1865,"The Fixx","guest","female"
1866,"Adam Ant","guest","male"
1867,"Paula Poundstone","guest","female"
1868,"Don Rickles","guest","male"
1869,"John Madden","guest","male"
1870,"Stevie Wonder","guest","male"
1871,"Dr. Joyce Brothers","guest","unknown"
1872,"Billy Idol","guest","male"
1873,"Mary Palin","guest","female"
1874,"The Motels","guest","female"
1875,"Huey Lewis & The News","guest","male"
1876,"Flip Wilson","guest","male"
1877,"Stevie Nicks","guest","female"
1878,"Tom Smothers","guest","male"
1879,"Dick Smothers","guest","male"
1880,"Ron Luciano","guest","male"
1881,"Tom Seaver","guest","male"
1882,"Big Country","guest","unknown"
1883,"Larry Holmes","guest","male"
1884,"Jerry Lewis","guest","male"
1885,"Loverboy","guest","unknown"
1886,"Mick Fleetwood's Zoo","guest","male"
1887,"Stray Cats","guest","unknown"
1888,"14 Karat Soul","guest","unknown"
1889,"John Candy","guest","male"
1890,"Men At Work","guest","male"
1891,"Jackson Beck","unknown","male"
1892,"Eddy Grant","guest","male"
1893,"Dick Cavett","guest","male"
1894,"John Cougar","guest","male"
1895,"Gene Siskel","guest","male"
1896,"Roger Ebert","guest","male"
1897,"Kevin Rowland & Dexy's Midnight Runners","guest","male"
1898,"Don King","guest","male"
1899,"Leslie Pollack","guest","female"
1900,"Michael Davis","guest","male"
1901,"Greg Dean","guest","male"
1902,"Susan Saint James","guest","female"
1903,"Michael McDonald","guest","male"
1904,"Edgar Winter","guest","male"
1905,"Joan Rivers","guest","female"
1906,"David Susskind","guest","male"
1907,"Musical Youth","guest","unknown"
1908,"Robert Guillaume","guest","male"
1909,"Duran Duran","guest","male"
1910,"Bruce Dern","guest","male"
1911,"Leon Redbone","guest","male"
1912,"Beau Bridges","guest","male"
1913,"Lloyd Bridges","guest","male"
1914,"Laurie Zaks","crew","female"
1915,"Howard Hesseman","guest","male"
1916,"Milan Melvin","guest","male"
1917,"Sid Caesar","guest","male"
1918,"Joe Cocker","guest","male"
1919,"Jennifer Warnes","guest","female"
1920,"Dave Thomas","guest","male"
1921,"The Bus Boys","guest","female"
1922,"Andy Kaufman","guest","male"
1923,"Barry Mitchell","guest","male"
1924,"Lionel Richie","guest","male"
1925,"Lawrence K. Grossman","guest","male"
1926,"Laura Branigan","guest","female"
1927,"Squeeze","guest","unknown"
1928,"Robert Blake","guest","male"
1929,"Merv Griffin","guest","male"
1930,"Kenny Loggins","guest","male"
1931,"The New Joe Jackson Band","guest","female"
1932,"Bill Irwin","guest","male"
1933,"Ron Howard","guest","male"
1934,"Andy Griffith","guest","male"
1935,"Rex Reed","guest","male"
1936,"The Clash","guest","female"
1937,"Louis Gossett Jr.","guest","male"
1938,"George Thorogood & The Destroyers","guest","male"
1939,"Eliot Wald","crew","male"
1940,"John Zacherle","guest","male"
1941,"Queen","guest","female"
1942,"Olivia Newton-John","guest","female"
1943,"Christine Ebersole","cast","female"
1944,"Tony Rosato","cast","male"
1945,"Graham Chapman","guest","male"
1946,"Brian Doyle-Murray","cast","male"
1947,"Liz Welch","crew","female"
1948,"Christopher Lloyd","guest","male"
1949,"Judd Hirsch","guest","male"
1950,"Marilu Henner","guest","female"
1951,"Neil Levy","crew","male"
1952,"Ron Mael","unknown","male"
1953,"Sparks","guest","unknown"
1954,"Jerry Lawler","guest","male"
1955,"Julia DeVito","guest","female"
1956,"Robert Culp","guest","male"
1957,"The Charlie Daniels Band","guest","female"
1958,"Barry W. Blaustein","crew","male"
1959,"Nelson Lyon","crew","male"
1960,"Daniel J. Travanti","guest","male"
1961,"Bruce Weitz","guest","male"
1962,"Blythe Danner","guest","female"
1963,"Robert Urich","guest","male"
1964,"Mink De Ville","guest","unknown"
1965,"Elizabeth Ashley","guest","female"
1966,"Daryl Hall","guest","male"
1967,"John Oates","guest","male"
1968,"Joseph Papp","guest","male"
1969,"James Coburn","guest","male"
1970,"The Cholos","guest","female"
1971,"Marc Weiner","guest","male"
1972,"Marv Throneberry","guest","male"
1973,"Jennifer Holliday","guest","female"
1974,"Bob Zmuda","guest","male"
1975,"Brent Musburger","guest","male"
1976,"Robert Conrad","guest","male"
1977,"The Allman Brothers Band","guest","female"
1978,"Mark O'Donnell","crew","male"
1979,"The Spinners","guest","female"
1980,"The Yale Whiffenpoofs","guest","female"
1981,"Tim Curry","guest","male"
1982,"Frank Nelson","guest","male"
1983,"Bryant Gumbel","guest","male"
1984,"Meat Loaf","guest","unknown"
1985,"Bernadette Peters","guest","female"
1986,"David Sheffield","crew","male"
1987,"The Go-Go's","guest","female"
1988,"Lauren Hutton","guest","female"
1989,"Rick James","guest","male"
1990,"Stone City Band","guest","male"
1991,"William Burroughs","guest","male"
1992,"Emily Prager","cast","female"
1993,"Donald Pleasence","guest","male"
1994,"John Belushi","cast","male"
1995,"Fear","guest","unknown"
1996,"Andy Warhol","guest","male"
1997,"George Kennedy","guest","male"
1998,"Pete Fatovich","crew","male"
1999,"Miles Davis","guest","male"
2000,"Marcus Miller","crew","male"
2001,"Michael O'Donoghue","cast","male"
2002,"Denny Dillon","cast","male"
2003,"Gail Matthius","cast","female"
2004,"Jr. Walker & The All Stars","guest","unknown"
2005,"Ann Risley","cast","female"
2006,"Charles Rocket","cast","male"
2007,"Matthew Laurance","cast","male"
2008,"Delbert McClinton","guest","male"
2009,"Bonnie Bramlett","guest","female"
2010,"Mark King","guest","male"
2011,"Karen Roston","crew","female"
2012,"Patrick Weathers","cast","male"
2013,"Charlene Tilton","guest","female"
2014,"Todd Rundgren","guest","male"
2015,"Deborah Harry","guest","female"
2016,"Clem Burke","guest","male"
2017,"Funky 4 + 1 More","guest","unknown"
2018,"Sally Kellerman","guest","female"
2019,"Jimmy Cliff","guest","male"
2020,"Jim Fowler","guest","male"
2021,"Robert Hays","guest","male"
2022,"Michael Nesmith","guest","male"
2023,"Harry Osborne","guest","male"
2024,"Joe ""King"" Carrasco & The Crowns","guest","male"
2025,"Karen Black","guest","female"
2026,"Cheap Trick","guest","unknown"
2027,"Stanley Clarke Trio","guest","male"
2028,"Ray Sharkey","guest","male"
2029,"Elliott Randall","crew","male"
2030,"Jack Bruce & Friends","guest","male"
2031,"David Carradine","guest","male"
2032,"George Rose","guest","male"
2033,"Rex Smith","guest","male"
2034,"The cast of ""The Pirates of Penzance""","guest","female"
2035,"Mitchell Kriegman","crew","male"
2036,"Mitchell Laurance","crew","male"
2037,"James Brown","guest","male"
2038,"William Duff-Griffin","guest","male"
2039,"Ellen Shipley","guest","female"
2040,"Ellen Burstyn","guest","female"
2041,"David Sanborn","crew","male"
2042,"Keith Sykes","guest","male"
2043,"Malcolm McDowell","guest","male"
2044,"Captain Beefheart & The Magic Band","guest","unknown"
2045,"Kid Creole & The Coconuts","guest","unknown"
2046,"Buck Henry","guest","male"
2047,"Matt Neuman","crew","male"
2048,"Walter Williams","crew","male"
2049,"Peter Aykroyd","cast","male"
2050,"Jane Curtin","cast","female"
2051,"Tom Gammill","crew","male"
2052,"Laraine Newman","cast","female"
2053,"Sarah Paley","crew","female"
2054,"Max Pross","crew","male"
2055,"Gilda Radner","cast","female"
2056,"Andrew Gold","guest","male"
2057,"Richard Belzer","crew","male"
2058,"Nil Nichols","crew","female"
2059,"The Voices Of Unity","guest","female"
2060,"3-D","guest","unknown"
2061,"Howard Johnson","crew","male"
2062,"Howard Shore","crew","male"
2063,"The Amazing Rhythm Aces","guest","female"
2064,"Bruce Cockburn","guest","male"
2065,"Strother Martin","guest","unknown"
2066,"The Specials","guest","female"
2067,"Burt Reynolds","guest","male"
2068,"Anne Murray","guest","female"
2069,"Paula Prentiss","guest","female"
2070,"Richard Benjamin","guest","male"
2071,"The Grateful Dead","guest","female"
2072,"Carrie Fisher","guest","female"
2073,"Sen. Daniel P. Moynihan","guest","unknown"
2074,"Franne Lee","crew","unknown"
2075,"The J. Geils Band","guest","female"
2076,"Jerry Mathers","guest","male"
2077,"Tony Dow","guest","male"
2078,"Kirk Douglas","guest","male"
2079,"Lucie Lancaster","guest","female"
2080,"Sam & Dave","guest","male"
2081,"Jack Garner","guest","male"
2082,"Joan Hackett","guest","female"
2083,"Gary Numan","guest","male"
2084,"Bert Convy","guest","male"
2085,"Tom Scott","guest","male"
2086,"John B. Anderson","guest","male"
2087,"Ted Knight","guest","male"
2088,"Desmond Child & Rouge","guest","male"
2089,"Buddy Rogers","guest","male"
2090,"Diana Peckham","guest","female"
2091,"Doc Zorthian","guest","andy"
2092,"Bea Arthur","guest","female"
2093,"The Roches","guest","female"
2094,"Bill Russell","guest","male"
2095,"Ed Herlihy","guest","male"
2096,"Chicago","guest","unknown"
2097,"Bob Dylan","guest","male"
2098,"Fred Tackett","guest","male"
2099,"Blondie","guest","unknown"
2100,"Bette Midler","guest","female"
2101,"Will Lee","crew","male"
2102,"Maureen Stapleton","guest","female"
2103,"The Section","guest","female"
2104,"Russ Kunkel","unknown","male"
2105,"Milton Berle","guest","male"
2106,"Craig Nettles","guest","male"
2107,"Ornette Coleman","guest","unknown"
2108,"Prime Time","guest","unknown"
2109,"Buddy Freed","guest","male"
2110,"Marvin Goldhar","guest","male"
2111,"Nelson Briles","guest","male"
2112,"Steve Henderson","guest","male"
2113,"Ed Kranepool","guest","male"
2114,"Margot Kidder","guest","female"
2115,"The Chieftans","guest","female"
2116,"Gary Busey","guest","male"
2117,"Eubie Blake","guest","unknown"
2118,"Gregory Hines","guest","male"
2119,"Bob Cranshaw","crew","male"
2120,"Bert Jones","crew","male"
2121,"Paul Butterfield","guest","male"
2122,"Rick Danko","guest","male"
2123,"Kate Jackson","guest","female"
2124,"Rick Nelson","guest","male"
2125,"Judy Collins","guest","female"
2126,"Cicely Tyson","guest","female"
2127,"Talking Heads","guest","unknown"
2128,"The Doobie Brothers","guest","female"
2129,"Peter Tosh","guest","male"
2130,"Bob & Ray","guest","male"
2131,"Kate Bush","guest","female"
2132,"Walter Matthau","guest","male"
2133,"George Coe","cast","male"
2134,"Charlie Matthau","guest","male"
2135,"Bill Kreutzmann","unknown","male"
2136,"Van Morrison","guest","male"
2137,"Frank Zappa","guest","male"
2138,"Devo","guest","unknown"
2139,"Sun Ra","guest","andy"
2140,"Richard Dreyfuss","guest","male"
2141,"Jimmy Buffett","guest","male"
2142,"Gary Tigerman","guest","male"
2143,"Toni Basil","unknown","female"
2144,"Michael Sarrazin","guest","male"
2145,"Keith Jarrett","guest","male"
2146,"Gravity","guest","unknown"
2147,"Eugene Record","guest","male"
2148,"Christopher Lee","guest","male"
2149,"Stacy Keach","guest","female"
2150,"Rick Overton","guest","male"
2151,"Cheetah Chrome","guest","unknown"
2152,"Jill Clayburgh","guest","female"
2153,"Eddie Money","guest","male"
2154,"Stephen Bishop","guest","male"
2155,"O.J. Simpson","guest","male"
2156,"Ashford & Simpson","guest","unknown"
2157,"Robert Klein","guest","male"
2158,"The Dirt Band","guest","female"
2159,"Miskel Spillman","guest","unknown"
2160,"Joe Franken (I)","guest","male"
2161,"Phoebe Franken","guest","female"
2162,"Mary Kay Place","guest","female"
2163,"Connie Crawford","guest","female"
2164,"David Lewis","guest","male"
2165,"Deb Blair","guest","female"
2166,"Richard Kneip","guest","male"
2167,"The Original Sloth Band","guest","female"
2168,"Ray Charles","guest","male"
2169,"David ""Fathead"" Newman","guest","male"
2170,"Hank Crawford","guest","male"
2171,"Leroy Cooper","guest","male"
2172,"Marcus Belgrave","guest","male"
2173,"Phillip Guilbeau","guest","male"
2174,"The Raelettes","guest","female"
2175,"Franklyn Ajaye","guest","male"
2176,"Charles Grodin","guest","male"
2177,"The Persuasions","guest","female"
2178,"Toots Thielemans","guest","unknown"
2179,"Hugh Hefner","guest","male"
2180,"Libby Titus","guest","female"
2181,"Taj Mahal","guest","unknown"
2182,"Jackson Browne","guest","male"
2183,"David Lindley","guest","male"
2184,"Edie Baskin","crew","female"
2185,"Kenny Vance","guest","male"
2186,"David Lasley","crew","male"
2187,"Dahaud Elias Shaar","crew","unknown"
2188,"Bella Abzug","guest","female"
2189,"Shelley Duvall","guest","female"
2190,"Joan Armatrading","guest","female"
2191,"Spalding Gray","unknown","unknown"
2192,"Jeanette Charles","guest","female"
2193,"Alan Price","guest","male"
2194,"Neil Innes","guest","male"
2195,"Gary Weis","crew","male"
2196,"The McGarrigle Sisters","guest","female"
2197,"Roslyn Kind","guest","female"
2198,"Jacqueline Carlin","crew","female"
2199,"Julian Bond","guest","male"
2200,"Tom Waits","guest","male"
2201,"Brick","guest","unknown"
2202,"Patti Smith","guest","female"
2203,"Jack Burns","guest","male"
2204,"Broderick Crawford","guest","male"
2205,"Dr. John","guest","unknown"
2206,"Levon Helm","guest","male"
2207,"The Meters","guest","female"
2208,"Sissy Spacek","guest","female"
2209,"Richard Baskin","guest","male"
2210,"Buster Holmes","guest","male"
2211,"Fran Tarkenton","guest","male"
2212,"Leo Sayer","guest","male"
2213,"Donny Harper & The Voices Of Tomorrow","guest","male"
2214,"Bob Dryden","guest","male"
2215,"Ruth Gordon","guest","female"
2216,"Chuck Berry","guest","male"
2217,"Ricky Jay","guest","male"
2218,"George Benson","guest","male"
2219,"Andrew Duncan","guest","male"
2220,"Diana Nyad","guest","female"
2221,"Jodie Foster","guest","female"
2222,"Brian Wilson","guest","male"
2223,"George Harrison","guest","male"
2224,"Olivia Harrison","guest","female"
2225,"Jim Keltner","guest","male"
2226,"Ron Wood","guest","male"
2227,"Ry Cooder","guest","unknown"
2228,"Flaco Jimenez","guest","unknown"
2229,"Bruce McCall","crew","male"
2230,"The Band","guest","female"
2231,"Kinky Friedman","guest","unknown"
2232,"John Prine","guest","male"
2233,"George Schultz","guest","male"
2234,"Garry Trudeau","guest","male"
2235,"Stuff","guest","unknown"
2236,"Norman Lear","guest","male"
2237,"Caroll O'Connor","guest","unknown"
2238,"Isabel Sanford","guest","female"
2239,"Jean Stapleton","guest","male"
2240,"Nancy Walker","guest","female"
2241,"Richard Crenna","guest","male"
2242,"Sherman Helmsley","guest","male"
2243,"Boz Scaggs","guest","unknown"
2244,"Kate Lear","guest","female"
2245,"Taylor Mead","guest","male"
2246,"Kris Kristofferson","guest","male"
2247,"Rita Coolidge","guest","female"
2248,"Louise Lasser","guest","female"
2249,"The Preservation Hall Jazz Band","guest","female"
2250,"Wendell Craig","guest","male"
2251,"Doris Powell","crew","female"
2252,"Charlie Lowe","guest","male"
2253,"Jonathan Dorn","guest","male"
2254,"Harlan Collins","guest","male"
2255,"Joyce Everson","guest","female"
2256,"Gordon Lightfoot","guest","male"
2257,"Dyan Cannon","guest","female"
2258,"Leon & Mary Russell","guest","male"
2259,"Carly Simon","guest","female"
2260,"Raquel Welch","guest","female"
2261,"Phoebe Snow","guest","female"
2262,"John Sebastian","guest","male"
2263,"President Gerald Ford","guest","unknown"
2264,"Ron Nessen","guest","male"
2265,"Patti Smith Group","guest","female"
2266,"Jerry Rubin","guest","male"
2267,"Anthony Perkins","guest","male"
2268,"Betty Carter","guest","female"
2269,"Chuck Scarborough","guest","male"
2270,"The Singing Idlers","guest","female"
2271,"Desi Arnaz","guest","male"
2272,"Desi Arnaz Jr.","guest","male"
2273,"Jenny Shapiro","unknown","female"
2274,"The Shapiro Sisters","guest","female"
2275,"Marshall Efron","guest","male"
2276,"Al Alen Petersen","guest","male"
2277,"Peter Cook","guest","male"
2278,"Neil Sedaka","guest","male"
2279,"Abbie Hoffman","guest","female"
2280,"Bill Withers","guest","male"
2281,"Paula Kahn","guest","female"
2282,"Albert Brooks","guest","male"
2283,"Clifford Einstein","guest","male"
2284,"James L. Brooks","guest","male"
2285,"Julie Payne","guest","female"
2286,"Martha Reeves","guest","female"
2287,"The Stylistics","guest","female"
2288,"Margaret Kuhn","guest","female"
2289,"Richard Pryor","guest","male"
2290,"Gil Scott-Heron","guest","male"
2291,"Annazette Chase","guest","unknown"
2292,"Kathrine McKee","guest","female"
2293,"Thalmus Rasulala","guest","unknown"
2294,"Shelley Pryor","guest","female"
2295,"Abba","guest","unknown"
2296,"Loudon Wainwright III","guest","unknown"
2297,"Esther Phillips","guest","female"
2298,"Kay Lenz","guest","male"
2299,"Rene Auberjonois","guest","male"
2300,"The Lockers","guest","female"
2301,"Mark Hampton","guest","male"
2302,"Jesse Dixon Singers","guest","male"
2303,"Connie Hawkins","guest","female"
2304,"Billy Preston","guest","male"
2305,"Janis Ian","guest","female"
2306,"Valri Bromfield","guest","unknown"
